<?xml version="1.0" encoding="UTF-8"?>
<beans xmlns="http://www.springframework.org/schema/beans"
 xmlns:xsi="http://www.w3.org/2001/XMLSchema-instance"
 xmlns:aop="http://www.springframework.org/schema/aop"
 xmlns:context="http://www.springframework.org/schema/context"
 xmlns:p="http://www.springframework.org/schema/p"
 xmlns:tx="http://www.springframework.org/schema/tx"
 xsi:schemaLocation="http://www.springframework.org/schema/beans 
  http://www.springframework.org/schema/beans/spring-beans-3.1.xsd
  http://www.springframework.org/schema/aop 
  http://www.springframework.org/schema/aop/spring-aop-3.0.xsd
  http://www.springframework.org/schema/context 
  http://www.springframework.org/schema/context/spring-context-3.0.xsd
  http://www.springframework.org/schema/tx 
  http://www.springframework.org/schema/tx/spring-tx-3.0.xsd">

<!-- 扫描注解Bean -->
    <context:component-scan base-package="com.yayao" annotation-config="true">
       <!--  <context:exclude-filter type="annotation" expression="org.springframework.stereotype.Controller"/> -->
    </context:component-scan>
   
   
    <!-- 国际化的消息资源文件
        <bean id="messageSource" class="org.springframework.context.support.ReloadableResourceBundleMessageSource">  
            <property name="basenames">  
                <list>  
     -->  
                    <!-- 在web环境中一定要定位到classpath 否则默认到当前web应用下找  
                    <value>classpath:ApplicationResources</value>  
                </list>  
            </property>  
            <property name="defaultEncoding" value="UTF-8"/>  
            <property name="cacheSeconds" value="60"/>  
        </bean>  
                    -->  

<!-- cp30配置方式 -->
	<bean id="dataSource"
		class="com.mchange.v2.c3p0.ComboPooledDataSource" destroy-method="close">
		<property name="driverClass"
			value="com.mysql.jdbc.Driver">
			</property>
		<property name="jdbcUrl"
			value="jdbc:mysql://localhost:3306/YaYaoXiangXiu_db">
		</property>
		<property name="user" value="root"></property>
		<property name="password" value="liliu"></property>
		
		   <property name="minPoolSize" value="2"/>
		  <property name="maxPoolSize" value="1000"/>
		  <property name="initialPoolSize" value="2"/>
		     <property name="acquireIncrement" value="15"/>
		     <property name="idleConnectionTestPeriod" value="10"/>
		     <property name="maxStatements" value="0"/> 
		     <property name="acquireRetryAttempts" value="30" />
		
	</bean>
	<bean id="sessionFactory"
		class="org.springframework.orm.hibernate4.LocalSessionFactoryBean">
		<property name="dataSource">
			<ref bean="dataSource" />
		</property>
	<property name="packagesToScan">
		<list>
			<value>com.yayao.bean</value>
		</list>
	</property>
		<!-- 开启二级缓存 
        <property name="hibernate.cache.use_second_level_cache">true</property>
		-->
        <!-- 二级缓存的提供类 在hibernate4.0版本以后我们都是配置这个属性来指定二级缓存的提供类
        <property name="hibernate.cache.region.factory_class">org.hibernate.cache.ehcache.EhCacheRegionFactory</property>
        -->
        <!-- 二级缓存配置文件的位置 
        <property name="hibernate.cache.provider_configuration_file_resource_path">ehcache.xml</property>
        -->
		<property name="hibernateProperties">
			<props>
		
		<!-- Hibernate4需要通过getCurrentSession()获取session -->
		
		<!--  
		-->
		<prop key="hibernate.current_session_context_class" >thread</prop>
		 
		        <prop key="hibernate.dialect">org.hibernate.dialect.MySQLDialect</prop>
		<!-- hibernate分页出现 ResultSet may only be accessed in a forward direction需要设置hibernate结果集滚动 -->
		<prop key="jdbc.use_scrollable_resultset">false</prop>		
				<prop key="hibernate.show_sql">true</prop>
		        <prop key="hibernate.format_sql">true</prop>
		    <!-- 让hibernate输出SQL语句，以便更加深入查询 -->   
		        <prop key="hibernate.use_sql_commants">true</prop>
		       <!-- 
		        -->
		         <prop key="hibernate.hbm2ddl.auto">update</prop>
		        <!-- 
		         <prop key="connection.autocommit">true</prop>
		             -->
                <!-- <prop key="hibernate.transaction.factory_class">
                    org.hibernate.transaction.JDBCTransactionFactory</prop> -->
			</props>
		</property>
		
		 <property name="mappingResources">
			<list>
				 <value>com/yayao/bean/Member.hbm.xml</value>
				 <value>com/yayao/bean/Admin.hbm.xml</value>
				 <value>com/yayao/bean/Consignee.hbm.xml</value>
				<value>com/yayao/bean/Category.hbm.xml</value>
				<value>com/yayao/bean/Merchandise.hbm.xml</value>
				<value>com/yayao/bean/Memberlevel.hbm.xml</value>
				<value>com/yayao/bean/Cart.hbm.xml</value>
				<value>com/yayao/bean/Cartselectedmer.hbm.xml</value>
				<value>com/yayao/bean/Orders.hbm.xml</value>
				<value>com/yayao/bean/Comment.hbm.xml</value>
				<value>com/yayao/bean/ExclusiveCustom.hbm.xml</value>
		<!--
		-->
				</list>
		</property> 
		
		</bean>
	
		
	<!-- 开启AOP监听 只对当前配置文件有效 -->
	<aop:aspectj-autoproxy expose-proxy="true"/>
	
	<!-- 开启注解事务 只对当前配置文件有效 
	<tx:annotation-driven transaction-manager="txManager" />
	-->	
	<bean id="txManager"
		class="org.springframework.orm.hibernate4.HibernateTransactionManager">
		<property name="sessionFactory" ref="sessionFactory" />
	</bean>
	<tx:advice id="txAdvice" transaction-manager="txManager">
	
        <tx:attributes>
            <tx:method name="add*" propagation="REQUIRED" />
            <tx:method name="update*" propagation="REQUIRED" />
            <tx:method name="del*" propagation="REQUIRED" />
            <tx:method name="clear*" propagation="REQUIRED" />
            <tx:method name="modi*" propagation="REQUIRED" />
            <!-- 
            <tx:method name="save*" propagation="REQUIRED" />
            <tx:method name="create*" propagation="REQUIRED" />
            <tx:method name="insert*" propagation="REQUIRED" />
            <tx:method name="merge*" propagation="REQUIRED" />
            <tx:method name="remove*" propagation="REQUIRED" />
            <tx:method name="put*" propagation="REQUIRED" />
            <tx:method name="use*" propagation="REQUIRED"/> 
            -->
            <!--hibernate4必须配置为开启事务 否则 getCurrentSession()获取不到-->
            
            <tx:method name="chk*" propagation="REQUIRED" read-only="true" />
            <tx:method name="mem*" propagation="REQUIRED" read-only="true" />
            <tx:method name="admin*" propagation="REQUIRED" read-only="true" />
            <tx:method name="load*" propagation="REQUIRED" read-only="true" />
            <tx:method name="browse*" propagation="REQUIRED" read-only="true" />
            <tx:method name="*" read-only="true" />
        </tx:attributes>
    </tx:advice>
    <aop:config expose-proxy="true">
        <!-- 只对业务逻辑层实施事务 -->
        <aop:pointcut id="txPointcut" expression="execution(* com.yaoyao.service..*.*(..))" />
        <aop:advisor advice-ref="txAdvice" pointcut-ref="txPointcut"/>
    </aop:config>
	</beans>