<?xml version="1.0" encoding="UTF-8" ?>
<!DOCTYPE struts PUBLIC "-//Apache Software Foundation//DTD Struts Configuration 2.1//EN" "http://struts.apache.org/dtds/struts-2.1.dtd">
<struts>
<!--解决乱码    -->
    <constant name="struts.i18n.encoding" value="UTF-8" />
<!-- 指定允许上传的文件最大字节数。默认值是2097152(2M) -->
    <constant name="struts.multipart.maxSize" value="2147483648"/>
    <!-- 文件上传临时文件-->
    <constant name="struts.multipart.saveDir" value="d:/temp"/>
	 <constant name="struts.custom.i18n.resources" value="globalMessages"/>
<!-- 动态方法调用 
 <constant name="struts.enable.DynamicMethodInvocation" value="true" />
--> 
	 <!-- 是否允许在OGNL表达式中调用静态方法，默认值为false -->  
    <constant name="struts.ognl.allowStaticMethodAccess" value="true"/>  
	<!-- struts受spring 管理创建 -->
	 <constant name="struts.objectFactory" value="spring"/>
	 
	<!-- 取消struts2标签自带的样式 -->
	    <constant name="struts.ui.theme" value="simple" />
       <constant name="struts.ui.templateDir" value="template" />
       <constant name="struts.ui.templateSuffix" value="ftl" />  
	 
	<package name="Mem" namespace="/" extends="struts-default">
		<interceptors>
			<interceptor name="sessionNull" class="com.yayao.interceptor.SessionNullInterceptor"/>
			<interceptor-stack name="mySessionNull">
			
			  <interceptor-ref name="sessionNull"/>
			  <interceptor-ref name="defaultStack"/>
				
			</interceptor-stack> 
			
			<!-- <interceptor name="sessionFilter" class="com.yayao.interceptor.MemberSessionFilter"/> 
			<interceptor-stack name="mySessionFilter">
			  <interceptor-ref name="sessionFilter"/>
			  <interceptor-ref name="defaultStack"/>
				
			</interceptor-stack> 
			-->
		</interceptors>
		
		<default-interceptor-ref name="mySessionNull"/>
		<global-results>
			<result name="login" >/login.jsp</result>
			<result name="index" >/index.jsp</result>
		
		</global-results> 
		<action name="memReg" class="com.yayao.action.MemRegAction" method="reg">
			<interceptor-ref name="defaultStack"/>
			<interceptor-ref name="token" />
        	<result name="invalid.token">/reg.jsp</result>
			<result name="success">/loginSuccess.jsp</result>
			<result name="input" >/reg.jsp</result>
		</action>
		<action name="memLogin" class="com.yayao.action.MemLoginAction" method="login"> 
		 <!--  <interceptor-ref name="mysessionFilter"/> -->
			<result name="success">/loginSuccess.jsp</result>
			<result name="input">/login.jsp</result>
		</action>
		<action name="retrieveAccountLogin" class="com.yayao.action.RetrieveAccountLoginAction" method="retrieveAccountLoginMethod"> 
			<result name="success">/emailActivate.jsp</result>
			<result name="input">/retrieveAccount.jsp</result>
		</action>
		<action name="retrieveAccountUpdate" class="com.yayao.action.RetrieveAccountLoginAction" method="retrieveAccountUpdateMethod"> 
			<result name="success">/loginSuccess.jsp</result>
			<result name="input">/retrieveAccountBack.jsp</result>
		</action>
		<action name="ifLogin" class="com.yayao.action.MemLoginAction" method="isLogin"> 
			<result name="success">/index.jsp</result>
			<result name="input">/index.jsp</result>
		
		</action>
		<action name="memLogout" class="com.yayao.action.MemLogoutAction" method="logout">
			<result name="success">/login.jsp</result>
		</action>
		
		<action name="changeMem" class="com.yayao.action.ChangeMemAction" method="changepwd">
			<result name="success">/ChangePasswordSuccess.jsp</result>
			<result name="input">/memberChangePassword.jsp</result>
			
		</action>
		<action name="memInformation" class="com.yayao.action.MemInformationAction" method="changeinformation">
			<result name="success" >/ChangeInformationSuccess.jsp</result>
			<result name="input">/memberInformation.jsp</result>
		</action>
		
		<action name="manageConsigneeAddress" class="com.yayao.action.ManageConsigneeAddressAction" method="addConsigneeAddress">
			<interceptor-ref name="defaultStack"/>
			<interceptor-ref name="token" />
        	<result name="invalid.token">/manageConsigneeAddress.jsp</result>
			<result name="success" >/manageConsigneeAddress.jsp</result>
			<result name="input">/manageConsigneeAddress.jsp</result>
		</action>
		<action name="cartManageConsigneeAddress" class="com.yayao.action.ManageConsigneeAddressAction" method="addConsigneeAddress">
			<interceptor-ref name="defaultStack"/>
			<interceptor-ref name="token" />
        	<result name="invalid.token">/cartAddressList.jsp</result>
			<result name="success" >/cartAddressList.jsp</result>
			<result name="input">/cartAddressList.jsp</result>
		</action>
		
		<action name="delManageConsigneeAddress" class="com.yayao.action.ManageConsigneeAddressAction" method="delConsigneeAddress">
			<result name="success" >/manageConsigneeAddress.jsp</result>
			<result name="input">/manageConsigneeAddress.jsp</result>
		</action> 
		<action name="modifyManageConsigneeAddress" class="com.yayao.action.ModifyManageConsigneeAddressAction" method="modifyConsigneeAddress">
			<result name="success" >/manageConsigneeAddress.jsp</result>
			<result name="input">/manageConsigneeAddress.jsp</result>
		</action> 
		<!-- 后台管理 系统管理员 -->
		<action name="adminLogin" class="com.yayao.action.AdminLoginAction" method="ht_login">
		
			<result name="input">/Admin/ht_login.jsp</result>
			<result name="xitong" >/WEB-INF/Admin/ht_xitong.jsp</result>	
			<result name="dingdan" >/WEB-INF/Admin/ht_dingdan.jsp</result>	
			<result name="huiyuan">/WEB-INF/Admin/ht_huiyuan.jsp</result>	
			<result name="shangpin">/WEB-INF/Admin/ht_shangpin.jsp</result>	
		</action>
		<action name="adminLogout" class="com.yayao.action.AdminLoginAction" method="ht_logout">
			<result name="success" type="redirect">/WEB-INF/Admin/ht_login.jsp</result>
			<result name="input">/WEB-INF/Admin/ht_login.jsp</result>
		</action>
		
		<action name="increaseAdmin" class="com.yayao.action.AdminManagerAction" method="ht_addAdmin">
		    <interceptor-ref name="defaultStack"/>
			<interceptor-ref name="token" />
        	<result name="invalid.token">/WEB-INF/Admin/ht_xitong.jsp</result>
			<result name="success">/WEB-INF/Admin/ht_xitong.jsp</result>
			<result name="input">/WEB-INF/Admin/ht_xitong.jsp</result>
		</action>
		<action name="delAdmin" class="com.yayao.action.AdminManagerAction" method="ht_delAdmin">
			
			<result name="success">/WEB-INF/Admin/ht_xitong.jsp</result>
			<result name="input">/WEB-INF/Admin/ht_xitong.jsp</result>
		</action>
		<action name="delAllAdmin" class="com.yayao.action.AdminManagerAction" method="ht_delAllAdmin">
			
			<result name="success">/WEB-INF/Admin/ht_xitong.jsp</result>
			<result name="input">/WEB-INF/Admin/ht_xitong.jsp</result>
		</action>
		<action name="modifyAdmin" class="com.yayao.action.AdminManagerAction" method="ht_modifyAdmin">
			<result name="success">/WEB-INF/Admin/ht_xitong.jsp</result>
			<result name="input">/WEB-INF/Admin/ht_xitong.jsp</result>
		</action>
		<action name="loadAdmin" class="com.yayao.action.AdminManagerAction" method="ht_loadAdmin">
			<result name="success">/ht_loadAdmin.jsp</result>
			<result name="input">/ht_loadAdmin.jsp</result>
		</action>
		<!-- 后台管理 会员管理员-->
		<action name="increaseMem" class="com.yayao.action.AdminMemberAction" method="ht_addMem">
			<interceptor-ref name="defaultStack"/>
			<interceptor-ref name="token" />
        	<result name="invalid.token">/WEB-INF/Admin/ht_huiyuan.jsp</result>
			<result name="success">/WEB-INF/Admin/ht_huiyuan.jsp</result>
			<result name="input">/WEB-INF/Admin/ht_huiyuan.jsp</result>
		</action>
		<action name="delMem" class="com.yayao.action.AdminMemberAction" method="ht_delMem">
			
			<result name="success">/WEB-INF/Admin/ht_huiyuan.jsp</result>
			<result name="input">/WEB-INF/Admin/ht_huiyuan.jsp</result>
		</action>
		<action name="delAllMem" class="com.yayao.action.AdminMemberAction" method="ht_delAllMem">
			
			<result name="success">/WEB-INF/Admin/ht_huiyuan.jsp</result>
			<result name="input">/WEB-INF/Admin/ht_huiyuan.jsp</result>
		</action>
		<action name="showMem" class="com.yayao.action.AdminMemberAction" method="ht_showMem">
			<result name="success">/WEB-INF/Admin/ht_huiyuanDetails.jsp</result>
			<result name="input">/WEB-INF/Admin/ht_huiyuanDetails.jsp</result>
		</action>
		<action name="modifyMem" class="com.yayao.action.AdminMemberAction" method="ht_modifyMem">
			<result name="success">/WEB-INF/Admin/ht_huiyuan.jsp</result>
			<result name="input">/WEB-INF/Admin/ht_huiyuan.jsp</result>
		</action>
		<action name="searchMem" class="com.yayao.action.AdminMemberAction" method="ht_searchMem">
			<result name="success">/WEB-INF/Admin/ht_huiyuan.jsp</result>
			<result name="input">/WEB-INF/Admin/ht_huiyuan.jsp</result>
		</action>
		<action name="searchAllMem" class="com.yayao.action.AdminMemberAction" method="ht_searchAllMem">
			<result name="success">/WEB-INF/Admin/ht_huiyuan.jsp</result>
			<result name="input">/WEB-INF/Admin/ht_huiyuan.jsp</result>
		</action>
		<!-- 后台管理 定制订单 -->
		<action name="delCustomOrder" class="com.yayao.action.AdminCustomOrderAction" method="ht_delCustomOrder">
			<result name="success">/WEB-INF/Admin/ht_dingdan.jsp</result>
			<result name="input">/WEB-INF/Admin/ht_dingdan.jsp</result>
		</action>
		<action name="searchCustomOrder" class="com.yayao.action.AdminCustomOrderAction" method="ht_searchCustomOrder">
			
			<result name="success">/WEB-INF/Admin/ht_dingdan.jsp</result>
			<result name="input">/WEB-INF/Admin/ht_dingdan.jsp</result>
		</action>
		<action name="customOrder" class="com.yayao.action.AdminCustomOrderAction" method="ht_searchAllCustomOrder">
			 <interceptor-ref name="defaultStack"/>
			<interceptor-ref name="token" />
        	<result name="invalid.token">/WEB-INF/Admin/ht_dingdan.jsp</result>
			<result name="success">/WEB-INF/Admin/ht_dingdan.jsp</result>
			<result name="input">/WEB-INF/Admin/ht_dingdan.jsp</result>
		</action>
		
		<!-- 定制 -->
		
		<action name="addCustom" class="com.yayao.action.ExclusiveCustomAction" method="submitCustom">
			<interceptor-ref name="defaultStack"/>
			<interceptor-ref name="token" />
        	<result name="invalid.token">/exclusiveCustom.jsp</result>
			<result name="success">/exclusiveCustomSuccess.jsp</result>
			<result name="input">/exclusiveCustom.jsp</result>
		</action>
		<action name="delCustom" class="com.yayao.action.ExclusiveCustomAction" method="cancelCustom">
			<result name="success">/exclusiveCustomCancelSuccess.jsp</result>
			<result name="input">/exclusiveCustom.jsp</result>
		</action>
		<!-- 定制评论 -->
		<action name="addCustomComment" class="com.yayao.action.CustomCommentAction" method="addExclusiveCustomComment">
			<interceptor-ref name="defaultStack"/>
			<interceptor-ref name="token" />
        	<result name="invalid.token">/customComment.jsp</result>
			<result name="success">/customComment.jsp</result>
			<result name="input">/customOrdersList.jsp</result>
		</action>
		<action name="delCustomComment" class="com.yayao.action.CustomCommentAction" method="delExclusiveCustomComment">
			<result name="success" >/customComment.jsp</result>
			<result name="input">/customOrdersList.jsp</result>
		</action>

		<!--商品类别 -->
		<action name="addCate" class="com.yayao.action.AdminMerCateAction" method="ht_addCate">
			<result name="success">/ht_addCate.jsp</result>
			<result name="input">/ht_addCate.jsp</result>
		</action>
		<action name="delCate" class="com.yayao.action.AdminMerCateAction" method="ht_delCate">
			<result name="success">/ht_delCate.jsp</result>
			<result name="input">/ht_delCate.jsp</result>
		</action>
		<action name="modifyCate" class="com.yayao.action.AdminMerCateAction" method="ht_modifyCate">
			<result name="success">/ht_modifyCate.jsp</result>
			<result name="input">/ht_modifyCate.jsp</result>
		</action>
		<action name="loadCate" class="com.yayao.action.AdminMerCateAction" method="ht_loadCate">
			<result name="success">/ht_loadCate.jsp</result>
			<result name="input">/ht_loadCate.jsp</result>
		</action>
		<!-- 管理商品 -->
		<action name="addMer" class="com.yayao.action.AdminMerAction" method="ht_addMer">
			<result name="success">/ht_addMer.jsp</result>
			<result name="input">/ht_addMer.jsp</result>
		</action>
		<action name="addSMer" class="com.yayao.action.AdminMerAction" method="ht_addSMer">
			<result name="success">/ht_addSMer.jsp</result>
			<result name="input">/ht_addSMer.jsp</result>
		</action>
		<action name="delMer" class="com.yayao.action.AdminMerAction" method="ht_delMer">
			<result name="success">/ht_delMer.jsp</result>
			<result name="input">/ht_loadCate.jsp</result>
		</action>
		<action name="delSMer" class="com.yayao.action.AdminMerAction" method="ht_delSMer">
			<result name="success">/ht_delSMer.jsp</result>
			<result name="input">/ht_loadSCate.jsp</result>
		</action>
		<action name="modifyMer" class="com.yayao.action.AdminMerAction" method="ht_modifyMer">
			<result name="success">/ht_modifyMer.jsp</result>
			<result name="input">/ht_modifyMer.jsp</result>
		</action>
		<action name="modifySMer" class="com.yayao.action.AdminMerAction" method="ht_modifySMer">
			<result name="success">/ht_modifySMer.jsp</result>
			<result name="input">/ht_modifySMer.jsp</result>
		</action>
		<action name="loadMer" class="com.yayao.action.AdminMerAction" method="ht_loadMer">
			<result name="success">/ht_loadMer.jsp</result>
			<result name="input">/ht_loadMer.jsp</result>
		</action>
		<action name="loadSMer" class="com.yayao.action.AdminMerAction" method="ht_loadSMer">
			<result name="success">/ht_loadSMer.jsp</result>
			<result name="input">/ht_loadSMer.jsp</result>
		</action>
		<action name="showMer" class="com.yayao.action.AdminMerAction" method="ht_showMer">
			<result name="success">/ht_showMer.jsp</result>
			<result name="input">/ht_showMer.jsp</result>
		</action>
		<action name="showSMer" class="com.yayao.action.AdminMerAction" method="ht_showSMer">
			<result name="success">/ht_showSMer.jsp</result>
			<result name="input">/ht_showSMer.jsp</result>
		</action>
		<!-- 用户对商品 -->
		<action name="loadEBMerchandise" class="com.yayao.action.MerchandiseAction" method="showEBMerchandise">
			<result name="success">/goods.jsp</result>
			<result name="input">/embroideryBoutique.jsp</result>
		</action>
		<action name="loadAllEBMerchandise" class="com.yayao.action.MerchandiseAction" method="showAllEBMerchandise">
			<result name="success">/embroideryDetails.jsp</result>
			<result name="input">/embroideryBoutique.jsp</result>
		</action>
		<action name="loadClickEBMerchandise" class="com.yayao.action.MerchandiseAction" method="showClickEBMerchandise">
			<result name="success">/embroideryDetails.jsp</result>
			<result name="input">/embroideryBoutique.jsp</result>
		</action>
		<action name="queryDoublePrice" class="com.yayao.action.MerchandiseAction" method="searchDoublePrice">
			<result name="success">/embroideryDetails.jsp</result>
			<result name="input">/embroideryBoutique.jsp</result>
		</action>
		<!-- 购物车 -->
		<action name="addCartSelectMer" class="com.yayao.action.CartShoppingListAction" method="addCart">
			<result name="success">/cartShoppingList.jsp</result>
			<result name="input">/goods.jsp</result>
		</action>
		<action name="changeCartSelectMer" class="com.yayao.action.CartShoppingListAction" method="changeCart">
			<result name="success">/cartShoppingList.jsp</result>
			<result name="input">/cartShoppingList.jsp</result>
		</action>
		<action name="delCartSelectMer" class="com.yayao.action.CartShoppingListAction" method="delCart">
			<result name="success">/cartShoppingList.jsp</result>
			<result name="input">/cartShoppingList.jsp</result>
		</action>
		<!-- 订单 -->
		<action name="submitOrders" class="com.yayao.action.OrdersManageAction" method="addOrders">
			<result name="success">/cartSuccess.jsp</result>
			<result name="input">/cartAddressList.jsp</result>
		</action>
		<action name="rejectOrders" class="com.yayao.action.OrdersManageAction" method="cancelOrders">
			<result name="success">/ordersList.jsp</result>
			<result name="input">/ordersList.jsp</result>
		</action>
		<action name="recoverOrders" class="com.yayao.action.OrdersManageAction" method="regainOrders">
			<result name="success">/ordersList.jsp</result>
			<result name="input">/ordersList.jsp</result>
		</action>
		<action name="amputateOrders" class="com.yayao.action.OrdersManageAction" method="delOrders">
			<result name="success">/ordersList.jsp</result>
			<result name="input">/ordersList.jsp</result>
		</action>
		<!-- 订单评价 -->
		<action name="addComment" class="com.yayao.action.CommentAction" method="addOrdersComment">
			<interceptor-ref name="defaultStack"/>
			<interceptor-ref name="token" />
        	<result name="invalid.token">/comment.jsp</result>
			<result name="success">/comment.jsp</result>
			<result name="input">/ordersList.jsp</result>
		</action>
		 <action name="delComment" class="com.yayao.action.CommentAction" method="delOrdersComment">
			<result name="success" >/comment.jsp</result>
			<result name="input">/ordersList.jsp</result>
		</action> 
		 <action name="browseMerComment" class="com.yayao.action.CommentAction" method="browseClickComment">
			<result name="success" >/goods.jsp</result>
			<result name="input">/goods.jsp</result>
		</action> 
		  <!-- 验证码 -->
		<action name="imageAction" class="com.yayao.yanzhengma.ImageAction">
			<result type="stream">
				<param name="contentType">image/jpeg</param>
				<param name="inputName">inputStream</param>
			</result>
		</action>
	</package>

</struts>    
