<?xml version="1.0" encoding="UTF-8"?>
<!DOCTYPE hibernate-mapping PUBLIC "-//Hibernate/Hibernate Mapping DTD 3.0//EN"
"http://hibernate.sourceforge.net/hibernate-mapping-3.0.dtd">
<!-- 
    Mapping file autogenerated by MyEclipse Persistence Tools
-->
<hibernate-mapping>
    <class name="com.yayao.bean.Cartselectedmer" table="cartselectedmer_tb" catalog="YaYaoXiangXiu_db">
        <id name="id" type="java.lang.Integer">
            <column name="ID" />
            <generator class="native" />
        </id>
        <property name="number" type="java.lang.Integer">
            <column name="Number" not-null="true" />
        </property>
        <property name="price" type="java.lang.Double">
            <column name="Price" precision="8" not-null="true" />
        </property>
        <property name="money" type="java.lang.Double">
            <column name="Money" precision="9" not-null="true" />
        </property>
        <property name="orderStatus" type="java.lang.Integer">
            <column name="OrderStatus" />
        </property>
        
         <!--映射Cartselectedmer到Cart的多对一关联-->
        <many-to-one name="cart"
        			 column="cartID"
        			 class="com.yayao.bean.Cart"
        			 lazy="false"/> 
    <!--  映射Cartselectedmer到Orders的多对一关联	 -->
        <many-to-one name="order"
        			 column="orderID"
        			 class="com.yayao.bean.Orders"
        			 lazy="false"/>  
        			 			 
         <!--映射Cartselectedmer到Merchandise的多对一关联-->
        <many-to-one name="merchandise"
        			 column="merchandiseID"
        			 class="com.yayao.bean.Merchandise"
        			 lazy="false"/> 
       
        
    </class>
</hibernate-mapping>
