<?xml version="1.0" encoding="UTF-8"?>
<!DOCTYPE hibernate-mapping PUBLIC "-//Hibernate/Hibernate Mapping DTD 3.0//EN"
"http://hibernate.sourceforge.net/hibernate-mapping-3.0.dtd">
<!-- 
    Mapping file autogenerated by MyEclipse Persistence Tools
-->
<hibernate-mapping>
    <class name="com.yayao.bean.Consignee" table="consignee_tb" catalog="YaYaoXiangXiu_db">
        <id name="id" type="java.lang.Integer">
            <column name="ID" />
            <generator class="native" />
        </id>
        <property name="receiptName" type="java.lang.String">
            <column name="ReceiptName" length="20" />
        </property>
        <property name="telePhone" type="java.lang.String">
            <column name="TelePhone" length="15" />
        </property>
        <property name="cellPhone" type="java.lang.String">
            <column name="CellPhone" length="15" />
        </property>
        <property name="address" type="java.lang.String">
            <column name="Address" length="100" />
        </property>
        <property name="zip" type="java.lang.String">
            <column name="Zip" length="10" />
        </property>
        <property name="hasOrder" type="java.lang.Integer">
            <column name="HasOrder"  />
        </property>
     
		 <!--映射Consignee到Member的多对一关联-->
        <many-to-one name="member"
        			 column="MemberID"
        			 class="com.yayao.bean.Member"
        			 lazy="false"
        			 not-null="true"/>   
        <!--映射Consignee到Orders的一对多关联--> 
		<!-- 
		-->        			           
		 <set name="orders"
			cascade="all"
			 inverse="false"
			 lazy="true"  >
			<key column="ConsigneeID" />
			 <one-to-many class="com.yayao.bean.Orders" />
		</set>  			  			           
			   
    </class>
</hibernate-mapping>
