<?xml version="1.0" encoding="UTF-8"?>
<!DOCTYPE hibernate-mapping PUBLIC "-//Hibernate/Hibernate Mapping DTD 3.0//EN"
"http://hibernate.sourceforge.net/hibernate-mapping-3.0.dtd">
<!-- 
    Mapping file autogenerated by MyEclipse Persistence Tools
-->
<hibernate-mapping>
    <class name="com.yayao.bean.Merchandise" table="merchandise_tb" catalog="YaYaoXiangXiu_db">
        <id name="id" type="java.lang.Integer">
            <column name="ID" />
            <generator class="native" />
        </id>
        <property name="merName" type="java.lang.String">
            <column name="MerName" length="40" />
        </property>
        <property name="price" type="java.lang.Double">
            <column name="Price" precision="8" />
        </property>
        <property name="sprice" type="java.lang.Double">
            <column name="SPrice" precision="8" />
        </property>
        <property name="merModel" type="java.lang.String">
            <column name="MerModel" length="40" />
        </property>
        <property name="picture" type="java.lang.String">
            <column name="Picture" length="100" />
        </property>
        <property name="merDesc" type="java.lang.String">
            <column name="MerDesc" length="65535" />
        </property>
        <property name="manufacturer" type="java.lang.String">
            <column name="Manufacturer" length="60" />
        </property>
        <property name="leaveFactoryDate" type="java.lang.String">
            <column name="LeaveFactoryDate" length="19" />
        </property>
        <property name="special" type="java.lang.Integer">
            <column name="Special" />
        </property>
        
        <!--映射Merchandise到Category的多对一单向关联-->
         <many-to-one name="category"
        			 column="CategoryID"
        			 class="com.yayao.bean.Category"
        			 lazy="false"
        			 not-null="true"/>     
        			 
       <!--映射Merchandise到Comment的一对多关联--> 
		  <list name="comments"
		  	table="comment_tb"
			cascade="all"
			 inverse="true"
			 lazy="true"  >
			<key column="MerchandiseID" />
			<list-index column="merchandiseCommentIndex"></list-index>
			 <one-to-many class="com.yayao.bean.Comment" />
		</list>  			  
    </class>
</hibernate-mapping>
