<?xml version="1.0" encoding="UTF-8"?>
<!DOCTYPE hibernate-mapping PUBLIC "-//Hibernate/Hibernate Mapping DTD 3.0//EN"
"http://hibernate.sourceforge.net/hibernate-mapping-3.0.dtd">

<hibernate-mapping>
    <class name="com.yayao.bean.Orders" table="orders_tb" catalog="YaYaoXiangXiu_db">
        <id name="id" type="java.lang.Integer">
            <column name="ID" />
            <generator class="native" />
        </id>
        <property name="orderNumber" type="java.lang.String">
            <column name="OrderNumber" length="20" />
        </property>
        <property name="orderDate" type="java.lang.String">
            <column name="OrderDate" length="19" />
        </property>
    
        
        
        <!--映射Orders到Consignee的多对一关联-->
        <many-to-one name="consignee"
        			 column="ConsigneeID"
        			 class="com.yayao.bean.Consignee"
        			 lazy="false"
        			 not-null="true"/>
        <!--映射Orders到Member的多对一关联-->
        <many-to-one name="member"
        			 column="MemberID"
        			 class="com.yayao.bean.Member"
        			 lazy="false"
        			 not-null="true"/>
        			 
		 <!--映射Orders与Cart的多对一关联-->
		  <many-to-one name="cart"
  					  column="CartID" 		  
		  			  class="com.yayao.bean.Cart"
		  			  cascade="all"
		  			  lazy="false"
		  			 />    
		  <!--映射Orders到Cartselectedmer的一对多关联--> 
		<!-- 
		-->        			           
		 <set name="cartselectedmers"
			cascade="all"
			 inverse="false"
			 lazy="true"  >
			<key column="OrderID" />
			 <one-to-many class="com.yayao.bean.Cartselectedmer" />
		</set>    			           
		      			           
    </class>
</hibernate-mapping>
